{
  "nanopb": 0.9619647264480591,
  "opensbi": 0.9456199407577515,
  "sel4test.git": 0.8480851650238037,
  "musllibc.git": 1.0311079025268555,
  "seL4_libs.git": 0.8496314287185669,
  "sel4runtime.git": 0.6694215536117554,
  "util_libs.git": 0.9093071222305298,
  "seL4_tools.git": 0.8184080123901367,
  "sel4_projects_libs": 0.7901468276977539,
  "seL4.git": 1.1298654079437256
}