{
  "kernel": {
    "last_fetch": 1740701084.3862536,
    "last_checkout": 1740701084.3862536
  },
  "projects/musllibc": {
    "last_fetch": 1740701084.3862536,
    "last_checkout": 1740701084.3862536
  },
  "projects/seL4_libs": {
    "last_fetch": 1740701084.3862536,
    "last_checkout": 1740701084.3862536
  },
  "projects/sel4_projects_libs": {
    "last_fetch": 1740701084.3862536,
    "last_checkout": 1740701084.3862536
  },
  "projects/sel4runtime": {
    "last_fetch": 1740701084.3862536,
    "last_checkout": 1740701084.3862536
  },
  "projects/sel4test": {
    "last_fetch": 1740701084.3862536,
    "last_checkout": 1740701084.3862536
  },
  "projects/util_libs": {
    "last_fetch": 1740701084.3862536,
    "last_checkout": 1740701084.3862536
  },
  "tools/nanopb": {
    "last_fetch": 1740701084.3862536,
    "last_checkout": 1740701084.3862536
  },
  "tools/opensbi": {
    "last_fetch": 1740701084.3862536,
    "last_checkout": 1740701084.3862536
  },
  "tools/seL4": {
    "last_fetch": 1740701084.3862536,
    "last_checkout": 1740701084.3862536
  }
}